"文件","检查结论","字符串候选数","产品文案出现次数"
"apps/desktop/browser-extension/src/background.ts","已检查并修改","75","73"
"apps/desktop/browser-extension/src/content.ts","已检查，保留清楚文案或非产品内容","35","35"
"apps/desktop/browser-extension/src/popup.css","配置、样式或原生工具已检查","0","0"
"apps/desktop/browser-extension/src/popup.html","原生界面已检查","6","6"
"apps/desktop/browser-extension/src/popup.ts","已检查并修改","28","28"
"apps/desktop/electron-builder.test.yml","配置、样式或原生工具已检查","0","0"
"apps/desktop/electron-builder.yml","配置、样式或原生工具已检查","0","0"
"apps/desktop/index.html","配置、样式或原生工具已检查","1","0"
"apps/desktop/native/BrowserNativeMessagingHost.swift","配置、样式或原生工具已检查","7","0"
"apps/desktop/native/ComputerService.swift","配置、样式或原生工具已检查","42","0"
"apps/desktop/native/UpdateProgressPanel.swift","原生界面已检查","34","34"
"apps/desktop/package.json","配置、样式或原生工具已检查","0","0"
"apps/desktop/scripts/build-browser-extensions.mjs","已检查并修改","7","6"
"apps/desktop/scripts/build-native-helpers.mjs","已检查，保留清楚文案或非产品内容","5","0"
"apps/desktop/scripts/bundle-preload.mjs","已检查，保留清楚文案或非产品内容","0","0"
"apps/desktop/scripts/clean-build-output.mjs","已检查，保留清楚文案或非产品内容","0","0"
"apps/desktop/scripts/generate-browser-frozen-schemas.mjs","已检查，保留清楚文案或非产品内容","4","0"
"apps/desktop/src/main/appShellPolicy.ts","已检查并修改","39","38"
"apps/desktop/src/main/automaticUpdateScheduler.ts","已检查，保留清楚文案或非产品内容","1","0"
"apps/desktop/src/main/beforeQuitCleanup.ts","已检查，保留清楚文案或非产品内容","1","0"
"apps/desktop/src/main/browserArtifactExport.ts","已检查，保留清楚文案或非产品内容","0","0"
"apps/desktop/src/main/browserAutomationBridge.ts","已检查，保留清楚文案或非产品内容","9","4"
"apps/desktop/src/main/browserHost.ts","已检查并修改","218","56"
"apps/desktop/src/main/computerHost.ts","已检查并修改","39","9"
"apps/desktop/src/main/conversationInputResources.ts","已检查，保留清楚文案或非产品内容","7","0"
"apps/desktop/src/main/conversationResourceOpen.ts","已检查，保留清楚文案或非产品内容","28","0"
"apps/desktop/src/main/dataRootIdentity.ts","已检查，保留清楚文案或非产品内容","55","0"
"apps/desktop/src/main/executionHost.ts","已检查，保留清楚文案或非产品内容","21","3"
"apps/desktop/src/main/executionHostClosePlan.ts","已检查，保留清楚文案或非产品内容","3","0"
"apps/desktop/src/main/executionHostProtocol.ts","已检查，保留清楚文案或非产品内容","41","0"
"apps/desktop/src/main/executionHostStopCommand.ts","已检查，保留清楚文案或非产品内容","0","0"
"apps/desktop/src/main/externalBrowserHost.ts","已检查并修改","44","5"
"apps/desktop/src/main/externalOpen.ts","已检查，保留清楚文案或非产品内容","0","0"
"apps/desktop/src/main/homebrewUpdateController.ts","已检查并修改","77","73"
"apps/desktop/src/main/homebrewUpdateService.ts","已检查并修改","38","3"
"apps/desktop/src/main/localLogDirectory.ts","已检查，保留清楚文案或非产品内容","0","0"
"apps/desktop/src/main/localServerRuntime.ts","已检查，保留清楚文案或非产品内容","42","3"
"apps/desktop/src/main/main.ts","已检查并修改","240","76"
"apps/desktop/src/main/mainCommandLedger.ts","已检查，保留清楚文案或非产品内容","76","0"
"apps/desktop/src/main/mermaidExport.ts","已检查，保留清楚文案或非产品内容","3","0"
"apps/desktop/src/main/nativeAutomationHost.ts","已检查，保留清楚文案或非产品内容","2","0"
"apps/desktop/src/main/nativeUpdateProgress.ts","已检查并修改","4","1"
"apps/desktop/src/main/patchExport.ts","已检查，保留清楚文案或非产品内容","1","0"
"apps/desktop/src/main/projectDirectoryPicker.ts","已检查，保留清楚文案或非产品内容","0","0"
"apps/desktop/src/main/projectGitWorkbench.ts","已检查，保留清楚文案或非产品内容","11","0"
"apps/desktop/src/main/projectSourceWorkspace.ts","已检查，保留清楚文案或非产品内容","16","0"
"apps/desktop/src/main/readOnlyValidationCodexManager.ts","已检查，保留清楚文案或非产品内容","1","0"
"apps/desktop/src/main/readOnlyValidationIpcFence.ts","已检查，保留清楚文案或非产品内容","1","0"
"apps/desktop/src/main/readOnlyValidationManifest.ts","已检查，保留清楚文案或非产品内容","16","0"
"apps/desktop/src/main/releaseInstaller.ts","已检查，保留清楚文案或非产品内容","18","0"
"apps/desktop/src/main/releaseInstallerProtocol.ts","已检查，保留清楚文案或非产品内容","4","0"
"apps/desktop/src/main/releaseUpdateService.ts","已检查，保留清楚文案或非产品内容","29","0"
"apps/desktop/src/main/rendererBootstrapMonitor.ts","已检查，保留清楚文案或非产品内容","0","0"
"apps/desktop/src/main/retiredNativeRuntimeCleanup.ts","已检查，保留清楚文案或非产品内容","8","0"
"apps/desktop/src/main/runtimeLogExport.ts","已检查，保留清楚文案或非产品内容","2","0"
"apps/desktop/src/main/secretServiceIdentity.ts","已检查，保留清楚文案或非产品内容","2","0"
"apps/desktop/src/main/sessionViewCache.ts","已检查，保留清楚文案或非产品内容","0","0"
"apps/desktop/src/main/settingsPortability.ts","已检查，保留清楚文案或非产品内容","4","0"
"apps/desktop/src/main/sourceOpen.ts","已检查，保留清楚文案或非产品内容","2","0"
"apps/desktop/src/main/startupCoordinator.ts","已检查，保留清楚文案或非产品内容","0","0"
"apps/desktop/src/main/storageRecoveryRestartCoordinator.ts","已检查，保留清楚文案或非产品内容","0","0"
"apps/desktop/src/main/systemNotifications.ts","已检查并修改","84","84"
"apps/desktop/src/main/taskClipboard.ts","已检查，保留清楚文案或非产品内容","0","0"
"apps/desktop/src/main/testDataRootIsolation.ts","已检查，保留清楚文案或非产品内容","3","0"
"apps/desktop/src/main/testDisplayPlacement.ts","已检查，保留清楚文案或非产品内容","5","0"
"apps/desktop/src/main/windowRestoration.ts","已检查，保留清楚文案或非产品内容","0","0"
"apps/desktop/src/main/windowState.ts","已检查，保留清楚文案或非产品内容","0","0"
"apps/desktop/src/main/zentaoApi.ts","已检查，保留清楚文案或非产品内容","24","0"
"apps/desktop/src/main/zentaoTaskExtract.ts","已检查，保留清楚文案或非产品内容","84","0"
"apps/desktop/src/main/zeusDataMigration.ts","已检查，保留清楚文案或非产品内容","45","0"
"apps/desktop/src/preload/browser-page.cts","已检查，保留清楚文案或非产品内容","5","0"
"apps/desktop/src/preload/index.cts","已检查，保留清楚文案或非产品内容","0","0"
"apps/desktop/src/preload/rendererBootstrapState.cjs","已检查，保留清楚文案或非产品内容","3","0"
"apps/desktop/src/renderer/App.tsx","已检查，保留清楚文案或非产品内容","0","0"
"apps/desktop/src/renderer/CommandCenterPanel.tsx","已检查并修改","194","192"
"apps/desktop/src/renderer/ErrorBoundary.tsx","已检查并修改","12","11"
"apps/desktop/src/renderer/WorkspacePage.tsx","已检查，保留清楚文案或非产品内容","0","0"
"apps/desktop/src/renderer/ZeusSelect.tsx","已检查，保留清楚文案或非产品内容","2","2"
"apps/desktop/src/renderer/apiClient.ts","已检查，保留清楚文案或非产品内容","0","0"
"apps/desktop/src/renderer/appShellBridge.ts","已检查，保留清楚文案或非产品内容","0","0"
"apps/desktop/src/renderer/code/CodeEditor.tsx","已检查，保留清楚文案或非产品内容","1","1"
"apps/desktop/src/renderer/code/ProjectSourceWorkspace.tsx","已检查并修改","130","130"
"apps/desktop/src/renderer/code/SyntaxHighlightedCode.tsx","已检查，保留清楚文案或非产品内容","0","0"
"apps/desktop/src/renderer/code/projectSourceWorkspace.css","配置、样式或原生工具已检查","0","0"
"apps/desktop/src/renderer/code/sourceLanguageRegistry.ts","已检查，保留清楚文案或非产品内容","0","0"
"apps/desktop/src/renderer/code/syntaxHighlightRuntime.ts","已检查，保留清楚文案或非产品内容","0","0"
"apps/desktop/src/renderer/codexLoginHandoff.ts","已检查，保留清楚文案或非产品内容","0","0"
"apps/desktop/src/renderer/commandCenter.css","配置、样式或原生工具已检查","0","0"
"apps/desktop/src/renderer/commandRequest.ts","已检查，保留清楚文案或非产品内容","0","0"
"apps/desktop/src/renderer/dashboardClient.ts","已检查，保留清楚文案或非产品内容","0","0"
"apps/desktop/src/renderer/externalStore.ts","已检查，保留清楚文案或非产品内容","0","0"
"apps/desktop/src/renderer/features/automations/AutomationsWorkspace.tsx","已检查并修改","181","180"
"apps/desktop/src/renderer/features/automations/automationApiClient.ts","已检查，保留清楚文案或非产品内容","0","0"
"apps/desktop/src/renderer/features/automations/automationContracts.ts","已检查，保留清楚文案或非产品内容","0","0"
"apps/desktop/src/renderer/features/codex/codexApiClient.ts","已检查，保留清楚文案或非产品内容","0","0"
"apps/desktop/src/renderer/features/codex/codexContracts.ts","已检查，保留清楚文案或非产品内容","0","0"
"apps/desktop/src/renderer/features/codex/codexPublicCommandClient.ts","已检查，保留清楚文案或非产品内容","0","0"
"apps/desktop/src/renderer/features/command-center/commandCenterApiClient.ts","已检查，保留清楚文案或非产品内容","0","0"
"apps/desktop/src/renderer/features/command-center/commandCenterCommandClient.ts","已检查，保留清楚文案或非产品内容","0","0"
"apps/desktop/src/renderer/features/conversations/conversationApiClient.ts","已检查，保留清楚文案或非产品内容","0","0"
"apps/desktop/src/renderer/features/conversations/conversationCommandClient.ts","已检查，保留清楚文案或非产品内容","0","0"
"apps/desktop/src/renderer/features/conversations/conversationContracts.ts","已检查，保留清楚文案或非产品内容","0","0"
"apps/desktop/src/renderer/features/conversations/conversationDispatchCommandClient.ts","已检查，保留清楚文案或非产品内容","1","0"
"apps/desktop/src/renderer/features/conversations/conversationQueryStore.ts","已检查并修改","1","0"
"apps/desktop/src/renderer/features/conversations/durableCommandEnvelopeCache.ts","已检查，保留清楚文案或非产品内容","4","1"
"apps/desktop/src/renderer/features/conversations/graphConversationCommandClient.ts","已检查，保留清楚文案或非产品内容","2","1"
"apps/desktop/src/renderer/features/conversations/useConversationFeatureController.ts","已检查，保留清楚文案或非产品内容","0","0"
"apps/desktop/src/renderer/features/dashboard/dashboardApiClient.ts","已检查，保留清楚文案或非产品内容","2","2"
"apps/desktop/src/renderer/features/dashboard/dashboardContracts.ts","已检查，保留清楚文案或非产品内容","0","0"
"apps/desktop/src/renderer/features/digital-employees/AgentExecutionConfigFields.tsx","已检查并修改","54","53"
"apps/desktop/src/renderer/features/digital-employees/DigitalEmployeeTemplatesSettings.tsx","已检查并修改","57","56"
"apps/desktop/src/renderer/features/digital-employees/ProjectDigitalEmployeesPanel.tsx","已检查并修改","229","228"
"apps/desktop/src/renderer/features/digital-employees/TaskDigitalEmployeePanel.tsx","已检查并修改","292","292"
"apps/desktop/src/renderer/features/digital-employees/digitalEmployeeApiClient.ts","已检查，保留清楚文案或非产品内容","0","0"
"apps/desktop/src/renderer/features/digital-employees/digitalEmployeeContracts.ts","已检查，保留清楚文案或非产品内容","0","0"
"apps/desktop/src/renderer/features/digital-employees/digitalEmployeeUiSupport.ts","已检查并修改","34","33"
"apps/desktop/src/renderer/features/digital-employees/digitalEmployees.css","配置、样式或原生工具已检查","0","0"
"apps/desktop/src/renderer/features/git/gitApiClient.ts","已检查，保留清楚文案或非产品内容","0","0"
"apps/desktop/src/renderer/features/git/gitCommandClient.ts","已检查，保留清楚文案或非产品内容","0","0"
"apps/desktop/src/renderer/features/git/gitContracts.ts","已检查，保留清楚文案或非产品内容","0","0"
"apps/desktop/src/renderer/features/git/gitQueryStore.ts","已检查并修改","1","0"
"apps/desktop/src/renderer/features/git/useGitFeatureController.ts","已检查，保留清楚文案或非产品内容","0","0"
"apps/desktop/src/renderer/features/git/workspaceGitCommandClient.ts","已检查，保留清楚文案或非产品内容","1","0"
"apps/desktop/src/renderer/features/graph/CodeMapView.tsx","已检查并修改","101","100"
"apps/desktop/src/renderer/features/graph/GraphCanvas.tsx","已检查，保留清楚文案或非产品内容","33","33"
"apps/desktop/src/renderer/features/graph/diagramExport.ts","已检查，保留清楚文案或非产品内容","4","4"
"apps/desktop/src/renderer/features/graph/graphApiClient.ts","已检查，保留清楚文案或非产品内容","2","2"
"apps/desktop/src/renderer/features/graph/graphContracts.ts","已检查，保留清楚文案或非产品内容","0","0"
"apps/desktop/src/renderer/features/integrations/integrationApiClient.ts","已检查，保留清楚文案或非产品内容","0","0"
"apps/desktop/src/renderer/features/integrations/integrationCommandClient.ts","已检查，保留清楚文案或非产品内容","0","0"
"apps/desktop/src/renderer/features/integrations/integrationContracts.ts","已检查并修改","2","0"
"apps/desktop/src/renderer/features/memory/MemorySettingsPane.tsx","已检查并修改","72","70"
"apps/desktop/src/renderer/features/memory/memoryApiClient.ts","已检查，保留清楚文案或非产品内容","3","2"
"apps/desktop/src/renderer/features/memory/memoryContracts.ts","已检查，保留清楚文案或非产品内容","0","0"
"apps/desktop/src/renderer/features/memory/memoryQueryStore.ts","已检查并修改","0","0"
"apps/desktop/src/renderer/features/memory/memorySettingsPane.css","配置、样式或原生工具已检查","0","0"
"apps/desktop/src/renderer/features/memory/useMemoryFeatureController.ts","已检查，保留清楚文案或非产品内容","0","0"
"apps/desktop/src/renderer/features/projects/projectApiClient.ts","已检查，保留清楚文案或非产品内容","0","0"
"apps/desktop/src/renderer/features/projects/projectContracts.ts","已检查，保留清楚文案或非产品内容","0","0"
"apps/desktop/src/renderer/features/projects/projectQueryStore.ts","已检查并修改","1","0"
"apps/desktop/src/renderer/features/projects/useProjectFeatureController.ts","已检查，保留清楚文案或非产品内容","0","0"
"apps/desktop/src/renderer/features/release/releaseContracts.ts","已检查，保留清楚文案或非产品内容","0","0"
"apps/desktop/src/renderer/features/remote/remoteControlApiClient.ts","已检查，保留清楚文案或非产品内容","0","0"
"apps/desktop/src/renderer/features/remote/remoteControlContracts.ts","已检查，保留清楚文案或非产品内容","0","0"
"apps/desktop/src/renderer/features/remote/remoteControlQueryStore.ts","已检查并修改","0","0"
"apps/desktop/src/renderer/features/remote/useRemoteControlFeatureController.ts","已检查，保留清楚文案或非产品内容","6","0"
"apps/desktop/src/renderer/features/runtime/runtimeApiClient.ts","已检查，保留清楚文案或非产品内容","0","0"
"apps/desktop/src/renderer/features/runtime/runtimeContracts.ts","已检查，保留清楚文案或非产品内容","0","0"
"apps/desktop/src/renderer/features/runtime/runtimeSessionCommandClient.ts","已检查，保留清楚文案或非产品内容","0","0"
"apps/desktop/src/renderer/features/settings/settingsApiClient.ts","已检查，保留清楚文案或非产品内容","0","0"
"apps/desktop/src/renderer/features/settings/settingsCommandClient.ts","已检查，保留清楚文案或非产品内容","0","0"
"apps/desktop/src/renderer/features/settings/settingsContracts.ts","已检查，保留清楚文案或非产品内容","0","0"
"apps/desktop/src/renderer/features/settings/settingsQueryStore.ts","已检查并修改","1","0"
"apps/desktop/src/renderer/features/settings/useSettingsFeatureController.ts","已检查，保留清楚文案或非产品内容","0","0"
"apps/desktop/src/renderer/features/skills/ExtensionsWorkspace.tsx","已检查并修改","105","105"
"apps/desktop/src/renderer/features/skills/SkillSelector.tsx","已检查并修改","31","31"
"apps/desktop/src/renderer/features/skills/SkillsWorkspace.tsx","已检查并修改","86","86"
"apps/desktop/src/renderer/features/skills/skillWorkflowPreferences.ts","已检查，保留清楚文案或非产品内容","7","6"
"apps/desktop/src/renderer/features/tasks/taskApiClient.ts","已检查，保留清楚文案或非产品内容","0","0"
"apps/desktop/src/renderer/features/tasks/taskContracts.ts","已检查，保留清楚文案或非产品内容","0","0"
"apps/desktop/src/renderer/features/tasks/taskQueryStore.ts","已检查并修改","1","0"
"apps/desktop/src/renderer/features/tasks/useTaskFeatureController.ts","已检查，保留清楚文案或非产品内容","0","0"
"apps/desktop/src/renderer/features/telegram/ImRobotSettingsPane.tsx","已检查并修改","129","129"
"apps/desktop/src/renderer/features/telegram/imRobotSettings.css","配置、样式或原生工具已检查","0","0"
"apps/desktop/src/renderer/features/telegram/telegramApiClient.ts","已检查，保留清楚文案或非产品内容","0","0"
"apps/desktop/src/renderer/features/telegram/telegramCommandClient.ts","已检查，保留清楚文案或非产品内容","0","0"
"apps/desktop/src/renderer/features/telegram/telegramContracts.ts","已检查，保留清楚文案或非产品内容","0","0"
"apps/desktop/src/renderer/features/work-management/workManagementCommandClient.ts","已检查，保留清楚文案或非产品内容","1","1"
"apps/desktop/src/renderer/features/workspace/WorkspaceChrome.tsx","已检查并修改","30","30"
"apps/desktop/src/renderer/features/workspace/WorkspaceView.tsx","已检查并修改","162","162"
"apps/desktop/src/renderer/features/workspace/useWorkspaceDomainActions.tsx","已检查并修改","66","49"
"apps/desktop/src/renderer/features/workspace/useWorkspaceLifecycle.ts","已检查并修改","2","0"
"apps/desktop/src/renderer/features/workspace/useWorkspaceOperations.tsx","已检查并修改","36","35"
"apps/desktop/src/renderer/features/workspace/useWorkspaceQueryState.tsx","已检查并修改","19","19"
"apps/desktop/src/renderer/features/workspace/workspaceContracts.ts","已检查，保留清楚文案或非产品内容","0","0"
"apps/desktop/src/renderer/features/workspace/workspaceCopy.ts","已检查并修改","2438","2430"
"apps/desktop/src/renderer/features/workspace/workspaceFormatters.ts","已检查并修改","25","25"
"apps/desktop/src/renderer/features/workspace/workspaceSupport.tsx","已检查并修改","97","89"
"apps/desktop/src/renderer/git/ProjectGitDiffViewer.tsx","已检查，保留清楚文案或非产品内容","26","25"
"apps/desktop/src/renderer/git/ProjectGitWorkbench.tsx","已检查并修改","307","298"
"apps/desktop/src/renderer/global.d.ts","已检查，保留清楚文案或非产品内容","0","0"
"apps/desktop/src/renderer/graph/ArchitectureGraphCanvas.tsx","已检查，保留清楚文案或非产品内容","22","22"
"apps/desktop/src/renderer/main.tsx","已检查并修改","44","33"
"apps/desktop/src/renderer/modelOptionPresentation.ts","已检查，保留清楚文案或非产品内容","7","7"
"apps/desktop/src/renderer/performanceTraceContext.ts","已检查，保留清楚文案或非产品内容","0","0"
"apps/desktop/src/renderer/rendererPerformanceObservability.ts","已检查，保留清楚文案或非产品内容","0","0"
"apps/desktop/src/renderer/session/AnsweredRequestHistory.tsx","已检查并修改","39","39"
"apps/desktop/src/renderer/session/BrowserWorkspace.tsx","已检查并修改","68","68"
"apps/desktop/src/renderer/session/CodeCommentPanel.tsx","已检查，保留清楚文案或非产品内容","15","15"
"apps/desktop/src/renderer/session/CollaborationModeControl.tsx","已检查并修改","5","5"
"apps/desktop/src/renderer/session/ComposerDropdown.tsx","已检查，保留清楚文案或非产品内容","0","0"
"apps/desktop/src/renderer/session/ContextUsageIndicator.tsx","已检查并修改","35","35"
"apps/desktop/src/renderer/session/ConversationComposer.tsx","已检查并修改","57","57"
"apps/desktop/src/renderer/session/ConversationComposerAttachments.tsx","已检查，保留清楚文案或非产品内容","0","0"
"apps/desktop/src/renderer/session/ConversationMarkdown.tsx","已检查，保留清楚文案或非产品内容","13","13"
"apps/desktop/src/renderer/session/ConversationResources.tsx","已检查，保留清楚文案或非产品内容","68","68"
"apps/desktop/src/renderer/session/ConversationTranscript.tsx","已检查并修改","64","64"
"apps/desktop/src/renderer/session/GoalPanel.tsx","已检查并修改","72","72"
"apps/desktop/src/renderer/session/LegacyConversationBanner.tsx","已检查并修改","6","6"
"apps/desktop/src/renderer/session/McpAppFrame.tsx","已检查并修改","19","15"
"apps/desktop/src/renderer/session/NewConversationExecutionContext.tsx","已检查并修改","42","42"
"apps/desktop/src/renderer/session/PendingRequestSurface.tsx","已检查并修改","149","141"
"apps/desktop/src/renderer/session/PermissionModeControl.tsx","已检查，保留清楚文案或非产品内容","32","32"
"apps/desktop/src/renderer/session/PlanImplementationRequestSurface.tsx","已检查并修改","15","15"
"apps/desktop/src/renderer/session/PlanSummary.tsx","已检查，保留清楚文案或非产品内容","19","19"
"apps/desktop/src/renderer/session/PlanWorkspace.tsx","已检查，保留清楚文案或非产品内容","13","13"
"apps/desktop/src/renderer/session/ProjectConversationTree.tsx","已检查并修改","43","43"
"apps/desktop/src/renderer/session/ResponseSelectionActions.tsx","已检查，保留清楚文案或非产品内容","17","17"
"apps/desktop/src/renderer/session/RuntimeDetails.tsx","已检查并修改","55","55"
"apps/desktop/src/renderer/session/ServiceTierToggle.tsx","已检查，保留清楚文案或非产品内容","11","11"
"apps/desktop/src/renderer/session/SessionActivity.tsx","已检查，保留清楚文案或非产品内容","109","109"
"apps/desktop/src/renderer/session/SessionCodeReviewDialog.tsx","已检查并修改","64","63"
"apps/desktop/src/renderer/session/SessionMessageIcons.tsx","已检查，保留清楚文案或非产品内容","0","0"
"apps/desktop/src/renderer/session/SessionQuickActionsCard.tsx","已检查并修改","67","67"
"apps/desktop/src/renderer/session/SessionReasoningSummary.tsx","已检查，保留清楚文案或非产品内容","11","11"
"apps/desktop/src/renderer/session/SessionWorkspace.tsx","已检查并修改","228","213"
"apps/desktop/src/renderer/session/SourceWorkspace.tsx","已检查，保留清楚文案或非产品内容","39","39"
"apps/desktop/src/renderer/session/StructuredComposerInput.tsx","已检查并修改","47","45"
"apps/desktop/src/renderer/session/SubagentWorkspace.tsx","已检查并修改","62","62"
"apps/desktop/src/renderer/session/ThreadItemView.tsx","已检查并修改","139","139"
"apps/desktop/src/renderer/session/TurnChanges.tsx","已检查并修改","76","76"
"apps/desktop/src/renderer/session/conversationDisplayTitle.ts","已检查并修改","6","2"
"apps/desktop/src/renderer/session/conversationOrdering.ts","已检查，保留清楚文案或非产品内容","0","0"
"apps/desktop/src/renderer/session/conversationRuntimePreferences.ts","已检查，保留清楚文案或非产品内容","6","0"
"apps/desktop/src/renderer/session/conversationSnapshotV2Adapter.ts","已检查，保留清楚文案或非产品内容","7","0"
"apps/desktop/src/renderer/session/modelSelection.ts","已检查，保留清楚文案或非产品内容","0","0"
"apps/desktop/src/renderer/session/projectServiceTierPreferences.ts","已检查，保留清楚文案或非产品内容","0","0"
"apps/desktop/src/renderer/session/serviceTierSelection.ts","已检查，保留清楚文案或非产品内容","3","3"
"apps/desktop/src/renderer/session/session.css","配置、样式或原生工具已检查","0","0"
"apps/desktop/src/renderer/session/sessionHotCache.ts","已检查，保留清楚文案或非产品内容","0","0"
"apps/desktop/src/renderer/session/sessionReducer.ts","已检查并修改","2","0"
"apps/desktop/src/renderer/session/sessionSelectors.ts","已检查，保留清楚文案或非产品内容","0","0"
"apps/desktop/src/renderer/session/sessionStateSlices.ts","已检查，保留清楚文案或非产品内容","0","0"
"apps/desktop/src/renderer/session/sessionTypes.ts","已检查并修改","0","0"
"apps/desktop/src/renderer/session/textareaAutosize.ts","已检查，保留清楚文案或非产品内容","0","0"
"apps/desktop/src/renderer/session/tokenUsageFormat.ts","已检查，保留清楚文案或非产品内容","0","0"
"apps/desktop/src/renderer/session/transcriptViewportVirtualizer.ts","已检查，保留清楚文案或非产品内容","4","0"
"apps/desktop/src/renderer/session/useConversationInputResources.ts","已检查并修改","8","3"
"apps/desktop/src/renderer/session/useSessionController.ts","已检查并修改","51","0"
"apps/desktop/src/renderer/session/useThreadScrollController.ts","已检查，保留清楚文案或非产品内容","0","0"
"apps/desktop/src/renderer/sessionOperationIdentity.ts","已检查，保留清楚文案或非产品内容","0","0"
"apps/desktop/src/renderer/settings/BrowserSettingsPane.tsx","已检查并修改","128","128"
"apps/desktop/src/renderer/settings/CodexConfigImportSettings.tsx","已检查，保留清楚文案或非产品内容","23","23"
"apps/desktop/src/renderer/settings/CodexRemoteControlSettings.tsx","已检查并修改","80","80"
"apps/desktop/src/renderer/settings/CodexUsageSettingsPane.tsx","已检查，保留清楚文案或非产品内容","89","89"
"apps/desktop/src/renderer/settings/LegacyChatImportSettings.tsx","已检查，保留清楚文案或非产品内容","20","20"
"apps/desktop/src/renderer/settings/MenuBarUsageWindow.css","配置、样式或原生工具已检查","0","0"
"apps/desktop/src/renderer/settings/MenuBarUsageWindow.tsx","已检查并修改","80","80"
"apps/desktop/src/renderer/settings/ModelConnectionsSettingsPane.tsx","已检查并修改","150","150"
"apps/desktop/src/renderer/settings/ProjectModelsSettings.tsx","已检查并修改","33","33"
"apps/desktop/src/renderer/settings/TaskManagementStatusEditor.tsx","已检查并修改","31","31"
"apps/desktop/src/renderer/settings/ZentaoSettingsPane.tsx","已检查并修改","52","52"
"apps/desktop/src/renderer/storageRecoveryError.ts","已检查，保留清楚文案或非产品内容","4","4"
"apps/desktop/src/renderer/styles.css","配置、样式或原生工具已检查","0","0"
"apps/desktop/src/renderer/task/TaskAttachmentPreviewList.tsx","已检查，保留清楚文案或非产品内容","0","0"
"apps/desktop/src/renderer/task/TaskBoardView.tsx","已检查并修改","292","290"
"apps/desktop/src/renderer/task/TaskDetailPaneContent.tsx","已检查并修改","177","173"
"apps/desktop/src/renderer/task/TaskGitConflictWorkspace.tsx","已检查并修改","145","145"
"apps/desktop/src/renderer/task/TaskGitDeliveryWindow.tsx","已检查，保留清楚文案或非产品内容","2","2"
"apps/desktop/src/renderer/task/TaskGitDiffTable.tsx","已检查，保留清楚文案或非产品内容","7","6"
"apps/desktop/src/renderer/task/TaskGitMergeModal.tsx","已检查并修改","215","212"
"apps/desktop/src/renderer/task/TaskGitReviewModal.tsx","已检查并修改","96","94"
"apps/desktop/src/renderer/task/TaskModelPushModal.tsx","已检查并修改","294","286"
"apps/desktop/src/renderer/task/TaskModelPushPendingWorkspace.tsx","已检查并修改","1","0"
"apps/desktop/src/renderer/task/TaskPushSupplementalAttachmentCards.tsx","已检查，保留清楚文案或非产品内容","16","16"
"apps/desktop/src/renderer/task/TaskRunStatusChip.tsx","已检查，保留清楚文案或非产品内容","17","17"
"apps/desktop/src/renderer/task/TaskWorkflowSection.tsx","已检查并修改","137","136"
"apps/desktop/src/renderer/task/TaskWorkspace.tsx","已检查并修改","102","102"
"apps/desktop/src/renderer/task/TaskWorkspaceBranchList.tsx","已检查，保留清楚文案或非产品内容","14","14"
"apps/desktop/src/renderer/task/taskAttachments.ts","已检查，保留清楚文案或非产品内容","0","0"
"apps/desktop/src/renderer/task/taskBoardModel.ts","已检查，保留清楚文案或非产品内容","44","44"
"apps/desktop/src/renderer/task/taskConflictModel.ts","已检查，保留清楚文案或非产品内容","0","0"
"apps/desktop/src/renderer/task/taskWorkspaceModel.ts","已检查并修改","215","215"
"apps/desktop/src/renderer/transport/dashboardClientContracts.ts","已检查，保留清楚文案或非产品内容","0","0"
"apps/desktop/src/renderer/transport/localApiEventSubscription.ts","已检查，保留清楚文案或非产品内容","0","0"
"apps/desktop/src/renderer/transport/localApiTransport.ts","已检查并修改","2","2"
"apps/desktop/src/renderer/ui/ApplicationErrorDialog.tsx","已检查并修改","25","24"
"apps/desktop/src/renderer/ui/Button.tsx","已检查，保留清楚文案或非产品内容","0","0"
"apps/desktop/src/renderer/ui/ModalPortal.tsx","已检查，保留清楚文案或非产品内容","0","0"
"apps/desktop/src/renderer/ui/PendingResourceCards.tsx","已检查，保留清楚文案或非产品内容","12","12"
"apps/desktop/src/renderer/ui/SourceListRow.tsx","已检查，保留清楚文案或非产品内容","0","0"
"apps/desktop/src/renderer/ui/WorkspaceDrawer.tsx","已检查，保留清楚文案或非产品内容","1","1"
"apps/desktop/src/renderer/ui/nativeCloseLayer.ts","已检查，保留清楚文案或非产品内容","0","0"
"apps/desktop/src/renderer/ui/pendingResourcePolicy.ts","已检查，保留清楚文案或非产品内容","0","0"
"apps/desktop/src/renderer/ui/primitives.css","配置、样式或原生工具已检查","0","0"
"apps/desktop/src/renderer/ui/useNewItemMotion.ts","已检查，保留清楚文案或非产品内容","0","0"
"apps/desktop/tsconfig.json","配置、样式或原生工具已检查","0","0"
"apps/desktop/tsconfig.main.json","配置、样式或原生工具已检查","0","0"
"apps/desktop/tsconfig.preload.json","配置、样式或原生工具已检查","0","0"
"apps/desktop/vite.config.ts","已检查，保留清楚文案或非产品内容","0","0"
"packages/ai-runtime/package.json","配置、样式或原生工具已检查","0","0"
"packages/ai-runtime/src/agentCapabilityCatalog.ts","已检查，保留清楚文案或非产品内容","6","0"
"packages/ai-runtime/src/agentRuntimeContracts.ts","已检查，保留清楚文案或非产品内容","0","0"
"packages/ai-runtime/src/agentRuntimeRegistry.ts","已检查，保留清楚文案或非产品内容","2","0"
"packages/ai-runtime/src/cliSearchPath.ts","已检查，保留清楚文案或非产品内容","0","0"
"packages/ai-runtime/src/codexAppServerManager.ts","已检查，保留清楚文案或非产品内容","121","0"
"packages/ai-runtime/src/codexAppServerProtocol.ts","已检查，保留清楚文案或非产品内容","45","0"
"packages/ai-runtime/src/codexModelBudgetSnapshot.ts","已检查，保留清楚文案或非产品内容","0","0"
"packages/ai-runtime/src/codexRuntimeGenerationManager.ts","已检查，保留清楚文案或非产品内容","10","0"
"packages/ai-runtime/src/index.ts","已检查，保留清楚文案或非产品内容","57","0"
"packages/ai-runtime/src/modelConnectionCatalog.ts","已检查，保留清楚文案或非产品内容","46","0"
"packages/ai-runtime/src/piHeadlessResourceLoader.ts","已检查，保留清楚文案或非产品内容","5","0"
"packages/ai-runtime/src/piRuntimeWorkerDriver.ts","已检查，保留清楚文案或非产品内容","32","0"
"packages/ai-runtime/src/piRuntimeWorkerProtocol.ts","已检查，保留清楚文案或非产品内容","3","0"
"packages/ai-runtime/src/piSdkRuntimeDriver.ts","已检查，保留清楚文案或非产品内容","75","0"
"packages/ai-runtime/src/piSdkRuntimeWorker.ts","已检查，保留清楚文案或非产品内容","12","0"
"packages/ai-runtime/src/providerCacheDiagnostics.ts","已检查，保留清楚文案或非产品内容","0","0"
"packages/ai-runtime/src/providerRuntimeHealth.ts","已检查，保留清楚文案或非产品内容","1","0"
"packages/ai-runtime/src/terminalOutput.ts","已检查，保留清楚文案或非产品内容","0","0"
"packages/ai-runtime/tsconfig.json","配置、样式或原生工具已检查","0","0"
"packages/code-indexer/package.json","配置、样式或原生工具已检查","0","0"
"packages/code-indexer/src/cli.ts","已检查，保留清楚文案或非产品内容","5","0"
"packages/code-indexer/src/index.ts","已检查，保留清楚文案或非产品内容","7","0"
"packages/code-indexer/tsconfig.json","配置、样式或原生工具已检查","0","0"
"packages/git-core/package.json","配置、样式或原生工具已检查","0","0"
"packages/git-core/src/index.ts","已检查，保留清楚文案或非产品内容","167","0"
"packages/git-core/tsconfig.json","配置、样式或原生工具已检查","0","0"
"packages/graph-engine/package.json","配置、样式或原生工具已检查","0","0"
"packages/graph-engine/src/cli.ts","已检查，保留清楚文案或非产品内容","13","0"
"packages/graph-engine/src/index.ts","已检查，保留清楚文案或非产品内容","7","0"
"packages/graph-engine/tsconfig.json","配置、样式或原生工具已检查","0","0"
"packages/local-server/package.json","配置、样式或原生工具已检查","0","0"
"packages/local-server/src/automationRoutes.ts","已检查，保留清楚文案或非产品内容","3","0"
"packages/local-server/src/automationScheduler.ts","已检查，保留清楚文案或非产品内容","8","0"
"packages/local-server/src/browserAutomation.ts","已检查，保留清楚文案或非产品内容","0","0"
"packages/local-server/src/browserDynamicTools.ts","已检查，保留清楚文案或非产品内容","58","0"
"packages/local-server/src/browserFrozenContract.ts","已检查，保留清楚文案或非产品内容","15","0"
"packages/local-server/src/browserFrozenPublicSchemas.ts","已检查，保留清楚文案或非产品内容","9","0"
"packages/local-server/src/codeIntelligenceGraphCache.ts","已检查，保留清楚文案或非产品内容","21","0"
"packages/local-server/src/codeIntelligenceGraphStore.ts","已检查，保留清楚文案或非产品内容","17","0"
"packages/local-server/src/codeIntelligenceQueryApplication.ts","已检查，保留清楚文案或非产品内容","10","0"
"packages/local-server/src/codeIntelligenceQueryRoutes.ts","已检查，保留清楚文案或非产品内容","0","0"
"packages/local-server/src/codeMapScanBoundary.ts","已检查，保留清楚文案或非产品内容","1","0"
"packages/local-server/src/codexConfigImportService.ts","已检查，保留清楚文案或非产品内容","12","0"
"packages/local-server/src/codexContextDispatchPreparation.ts","已检查，保留清楚文案或非产品内容","0","0"
"packages/local-server/src/codexConversationDispatchContext.ts","已检查，保留清楚文案或非产品内容","6","0"
"packages/local-server/src/codexDynamicToolApplication.ts","已检查，保留清楚文案或非产品内容","14","0"
"packages/local-server/src/codexExternalRequestAnswerRecovery.ts","已检查，保留清楚文案或非产品内容","1","0"
"packages/local-server/src/codexFinalShutdownApplication.ts","已检查，保留清楚文案或非产品内容","1","0"
"packages/local-server/src/codexGoalApplication.ts","已检查，保留清楚文案或非产品内容","2","0"
"packages/local-server/src/codexInteractionRecoveryApplication.ts","已检查，保留清楚文案或非产品内容","8","0"
"packages/local-server/src/codexLegacyImportService.ts","已检查，保留清楚文案或非产品内容","14","0"
"packages/local-server/src/codexModelRequestTiming.ts","已检查，保留清楚文案或非产品内容","0","0"
"packages/local-server/src/codexNativeContextProtocol.ts","已检查，保留清楚文案或非产品内容","3","0"
"packages/local-server/src/codexNativeConversationAccess.ts","已检查，保留清楚文案或非产品内容","3","0"
"packages/local-server/src/codexNativeConversationContracts.ts","已检查并修改","0","0"
"packages/local-server/src/codexNativeConversationCoordinator.ts","已检查并修改","102","0"
"packages/local-server/src/codexNativeConversationPolicy.ts","已检查并修改","35","0"
"packages/local-server/src/codexNativeDispatchPipeline.ts","已检查，保留清楚文案或非产品内容","4","0"
"packages/local-server/src/codexNativeRunStateProjection.ts","已检查，保留清楚文案或非产品内容","0","0"
"packages/local-server/src/codexNativeUserMessageProjection.ts","已检查，保留清楚文案或非产品内容","0","0"
"packages/local-server/src/codexPluginToolApprovalApplication.ts","已检查，保留清楚文案或非产品内容","6","0"
"packages/local-server/src/codexPortableContextCompaction.ts","已检查，保留清楚文案或非产品内容","6","0"
"packages/local-server/src/codexProviderCommandApplication.ts","已检查，保留清楚文案或非产品内容","6","0"
"packages/local-server/src/codexProviderEventFlow.ts","已检查，保留清楚文案或非产品内容","0","0"
"packages/local-server/src/codexProviderEventProjection.ts","已检查，保留清楚文案或非产品内容","12","0"
"packages/local-server/src/codexProviderHistoryProjection.ts","已检查，保留清楚文案或非产品内容","21","0"
"packages/local-server/src/codexProviderStopRecoveryApplication.ts","已检查，保留清楚文案或非产品内容","13","0"
"packages/local-server/src/codexProviderThreadAuthority.ts","已检查，保留清楚文案或非产品内容","11","0"
"packages/local-server/src/codexPublicCommandApplication.ts","已检查，保留清楚文案或非产品内容","7","0"
"packages/local-server/src/codexPublicCommandRoutes.ts","已检查，保留清楚文案或非产品内容","21","0"
"packages/local-server/src/codexRecoveredUnsentQueueApplication.ts","已检查，保留清楚文案或非产品内容","0","0"
"packages/local-server/src/codexRecoveryStateApplication.ts","已检查，保留清楚文案或非产品内容","1","0"
"packages/local-server/src/codexRecoveryTurnState.ts","已检查，保留清楚文案或非产品内容","1","0"
"packages/local-server/src/codexRemoteControlConversationSyncApplication.ts","已检查，保留清楚文案或非产品内容","0","0"
"packages/local-server/src/codexRolloutRequestUserInput.ts","已检查，保留清楚文案或非产品内容","0","0"
"packages/local-server/src/codexServiceTierDowngrade.ts","已检查，保留清楚文案或非产品内容","7","0"
"packages/local-server/src/codexSubagentQueryApplication.ts","已检查，保留清楚文案或非产品内容","10","0"
"packages/local-server/src/codexSubagentQueryRoutes.ts","已检查，保留清楚文案或非产品内容","2","0"
"packages/local-server/src/codexSubagentRuntimeProjection.ts","已检查，保留清楚文案或非产品内容","29","0"
"packages/local-server/src/codexThreadMetadataProjection.ts","已检查，保留清楚文案或非产品内容","0","0"
"packages/local-server/src/codexUsageService.ts","已检查，保留清楚文案或非产品内容","5","0"
"packages/local-server/src/commandApplicationPrimitives.ts","已检查，保留清楚文案或非产品内容","5","0"
"packages/local-server/src/commandCenter.ts","已检查，保留清楚文案或非产品内容","55","0"
"packages/local-server/src/commandCenterCommandApplication.ts","已检查，保留清楚文案或非产品内容","13","0"
"packages/local-server/src/computerDynamicTools.ts","已检查，保留清楚文案或非产品内容","24","0"
"packages/local-server/src/contextCompiler.ts","已检查，保留清楚文案或非产品内容","29","0"
"packages/local-server/src/contextDispatchAudit.ts","已检查，保留清楚文案或非产品内容","0","0"
"packages/local-server/src/contextDispatchService.ts","已检查，保留清楚文案或非产品内容","7","0"
"packages/local-server/src/contextSourceCatalog.ts","已检查，保留清楚文案或非产品内容","20","0"
"packages/local-server/src/conversationApplicationOperations.ts","已检查并修改","269","0"
"packages/local-server/src/conversationAttachmentGrant.ts","已检查，保留清楚文案或非产品内容","2","0"
"packages/local-server/src/conversationCapabilityQueryApplication.ts","已检查，保留清楚文案或非产品内容","8","0"
"packages/local-server/src/conversationCapabilityQueryRoutes.ts","已检查，保留清楚文案或非产品内容","0","0"
"packages/local-server/src/conversationChoiceQueryApplication.ts","已检查，保留清楚文案或非产品内容","0","0"
"packages/local-server/src/conversationChoiceQueryRoutes.ts","已检查，保留清楚文案或非产品内容","4","0"
"packages/local-server/src/conversationCommandApplication.ts","已检查并修改","8","0"
"packages/local-server/src/conversationCommandRoutes.ts","已检查，保留清楚文案或非产品内容","19","0"
"packages/local-server/src/conversationDispatchCommandApplication.ts","已检查并修改","12","0"
"packages/local-server/src/conversationDispatchCommandRoutes.ts","已检查，保留清楚文案或非产品内容","8","0"
"packages/local-server/src/conversationExecutionContextOperations.ts","已检查，保留清楚文案或非产品内容","13","0"
"packages/local-server/src/conversationExecutionCoordinator.ts","已检查，保留清楚文案或非产品内容","15","0"
"packages/local-server/src/conversationExpertEventRouting.ts","已检查，保留清楚文案或非产品内容","0","0"
"packages/local-server/src/conversationPortableContext.ts","已检查，保留清楚文案或非产品内容","31","0"
"packages/local-server/src/conversationQueueCoreMutationApplication.ts","已检查，保留清楚文案或非产品内容","21","0"
"packages/local-server/src/conversationQueueDispatchScheduler.ts","已检查，保留清楚文案或非产品内容","0","0"
"packages/local-server/src/conversationResourcePreview.ts","已检查，保留清楚文案或非产品内容","5","0"
"packages/local-server/src/conversationResources.ts","已检查，保留清楚文案或非产品内容","0","0"
"packages/local-server/src/conversationSnapshotV2Api.ts","已检查，保留清楚文案或非产品内容","6","0"
"packages/local-server/src/conversationStoreMigration.ts","已检查，保留清楚文案或非产品内容","29","0"
"packages/local-server/src/conversationSyncProtocol.ts","已检查，保留清楚文案或非产品内容","10","0"
"packages/local-server/src/conversationSyncRoutes.ts","已检查，保留清楚文案或非产品内容","10","0"
"packages/local-server/src/conversationWorkExecutionState.ts","已检查，保留清楚文案或非产品内容","4","0"
"packages/local-server/src/digitalEmployeeOrchestrator.ts","已检查，保留清楚文案或非产品内容","74","0"
"packages/local-server/src/digitalEmployeeRoutes.ts","已检查，保留清楚文案或非产品内容","68","0"
"packages/local-server/src/eventFlowControl.ts","已检查，保留清楚文案或非产品内容","0","0"
"packages/local-server/src/executionHostControlApi.ts","已检查，保留清楚文案或非产品内容","6","0"
"packages/local-server/src/executionHostHandoffApi.ts","已检查，保留清楚文案或非产品内容","10","0"
"packages/local-server/src/executionHostStopCommandApplication.ts","已检查并修改","20","0"
"packages/local-server/src/gitCommandApplication.ts","已检查并修改","11","0"
"packages/local-server/src/gitCommandRoutes.ts","已检查，保留清楚文案或非产品内容","28","0"
"packages/local-server/src/gitIntegrationOperations.ts","已检查，保留清楚文案或非产品内容","156","0"
"packages/local-server/src/graphConversationCommandApplication.ts","已检查并修改","10","0"
"packages/local-server/src/graphConversationCommandRoutes.ts","已检查，保留清楚文案或非产品内容","4","0"
"packages/local-server/src/heavyWorkerContracts.ts","已检查，保留清楚文案或非产品内容","0","0"
"packages/local-server/src/heavyWorkerEntry.ts","已检查，保留清楚文案或非产品内容","6","0"
"packages/local-server/src/heavyWorkerPool.ts","已检查，保留清楚文案或非产品内容","12","0"
"packages/local-server/src/imConnectionRoutes.ts","已检查，保留清楚文案或非产品内容","12","0"
"packages/local-server/src/imTelegramService.ts","已检查并修改","462","457"
"packages/local-server/src/index.ts","已检查并修改","90","0"
"packages/local-server/src/integrationCommandApplication.ts","已检查并修改","17","0"
"packages/local-server/src/integrationCommandRoutes.ts","已检查，保留清楚文案或非产品内容","21","0"
"packages/local-server/src/legacyCodexThreadMigration.ts","已检查，保留清楚文案或非产品内容","7","0"
"packages/local-server/src/localDataTransfer.ts","已检查，保留清楚文案或非产品内容","21","0"
"packages/local-server/src/localServerPlatformRoutes.ts","已检查并修改","154","0"
"packages/local-server/src/localServerSettingsNormalization.ts","已检查，保留清楚文案或非产品内容","0","0"
"packages/local-server/src/localServerSupportOperations.ts","已检查，保留清楚文案或非产品内容","196","0"
"packages/local-server/src/localUserSubmissionProjection.ts","已检查，保留清楚文案或非产品内容","0","0"
"packages/local-server/src/managedPortableContextStore.ts","已检查，保留清楚文案或非产品内容","4","0"
"packages/local-server/src/memoryContextApi.ts","已检查，保留清楚文案或非产品内容","25","0"
"packages/local-server/src/misplacedCodexThreadMigration.ts","已检查，保留清楚文案或非产品内容","2","0"
"packages/local-server/src/modelConnectionService.ts","已检查并修改","33","0"
"packages/local-server/src/nativeConversationSubmissionInputs.ts","已检查，保留清楚文案或非产品内容","4","0"
"packages/local-server/src/nativeConversationTitle.ts","已检查，保留清楚文案或非产品内容","1","0"
"packages/local-server/src/nativeQueryRouteError.ts","已检查并修改","0","0"
"packages/local-server/src/nonCodexLegacyRuntime.ts","已检查，保留清楚文案或非产品内容","0","0"
"packages/local-server/src/performanceObservability.ts","已检查，保留清楚文案或非产品内容","1","0"
"packages/local-server/src/piNativeConversationCoordinator.ts","已检查并修改","63","0"
"packages/local-server/src/piProviderCommandDelivery.ts","已检查，保留清楚文案或非产品内容","8","0"
"packages/local-server/src/projectCore.ts","已检查，保留清楚文案或非产品内容","0","0"
"packages/local-server/src/projectGitQueryApplication.ts","已检查，保留清楚文案或非产品内容","5","0"
"packages/local-server/src/projectGitQueryRoutes.ts","已检查，保留清楚文案或非产品内容","0","0"
"packages/local-server/src/projectQueryApplication.ts","已检查，保留清楚文案或非产品内容","1","0"
"packages/local-server/src/projectQueryRoutes.ts","已检查，保留清楚文案或非产品内容","0","0"
"packages/local-server/src/providerRuntimeControlApi.ts","已检查，保留清楚文案或非产品内容","1","0"
"packages/local-server/src/providerRuntimeRecoveryService.ts","已检查，保留清楚文案或非产品内容","7","0"
"packages/local-server/src/providerSyncAudit.ts","已检查，保留清楚文案或非产品内容","2","0"
"packages/local-server/src/randomId.ts","已检查，保留清楚文案或非产品内容","0","0"
"packages/local-server/src/readOnlyValidation.ts","已检查，保留清楚文案或非产品内容","71","0"
"packages/local-server/src/readOnlyValidationPiCoordinator.ts","已检查，保留清楚文案或非产品内容","1","0"
"packages/local-server/src/releaseCore.ts","已检查，保留清楚文案或非产品内容","20","0"
"packages/local-server/src/releaseNotesGeneration.ts","已检查，保留清楚文案或非产品内容","11","0"
"packages/local-server/src/releaseUpdateApi.ts","已检查，保留清楚文案或非产品内容","4","0"
"packages/local-server/src/runtimeLogRetention.ts","已检查，保留清楚文案或非产品内容","2","0"
"packages/local-server/src/runtimeProcessIdentity.ts","已检查，保留清楚文案或非产品内容","3","0"
"packages/local-server/src/runtimeQueryApplication.ts","已检查，保留清楚文案或非产品内容","4","0"
"packages/local-server/src/runtimeQueryRoutes.ts","已检查，保留清楚文案或非产品内容","0","0"
"packages/local-server/src/runtimeSessionCommandApplication.ts","已检查并修改","14","0"
"packages/local-server/src/runtimeSessionCommandRoutes.ts","已检查，保留清楚文案或非产品内容","56","0"
"packages/local-server/src/securityCore.ts","已检查，保留清楚文案或非产品内容","6","0"
"packages/local-server/src/settingsCommandApplication.ts","已检查，保留清楚文案或非产品内容","14","0"
"packages/local-server/src/storageRecoveryPreflightApi.ts","已检查，保留清楚文案或非产品内容","1","0"
"packages/local-server/src/taskAttachmentLifecycle.ts","已检查，保留清楚文案或非产品内容","4","0"
"packages/local-server/src/taskConflictAi.ts","已检查，保留清楚文案或非产品内容","11","0"
"packages/local-server/src/taskCore.ts","已检查，保留清楚文案或非产品内容","1","0"
"packages/local-server/src/taskEventFileProjectionService.ts","已检查，保留清楚文案或非产品内容","13","0"
"packages/local-server/src/taskRuntimeOperations.ts","已检查，保留清楚文案或非产品内容","132","0"
"packages/local-server/src/taskStageApplication.ts","已检查，保留清楚文案或非产品内容","36","0"
"packages/local-server/src/taskStageRoutes.ts","已检查，保留清楚文案或非产品内容","0","0"
"packages/local-server/src/taskWorkManagement.ts","已检查，保留清楚文案或非产品内容","128","0"
"packages/local-server/src/telegramAdapter.ts","已检查，保留清楚文案或非产品内容","35","0"
"packages/local-server/src/telegramCommandApplication.ts","已检查并修改","17","0"
"packages/local-server/src/telegramPollingApi.ts","已检查，保留清楚文案或非产品内容","1","0"
"packages/local-server/src/turnChangeSets.ts","已检查，保留清楚文案或非产品内容","46","0"
"packages/local-server/src/turnProcessProjector.ts","已检查，保留清楚文案或非产品内容","11","0"
"packages/local-server/src/unboundConversationArchiveApplication.ts","已检查，保留清楚文案或非产品内容","0","0"
"packages/local-server/src/usageOverviewService.ts","已检查，保留清楚文案或非产品内容","0","0"
"packages/local-server/src/workManagementCommandApplication.ts","已检查并修改","13","0"
"packages/local-server/src/workManagementCoreCommandRoutes.ts","已检查，保留清楚文案或非产品内容","2","0"
"packages/local-server/src/workManagementCoreOperations.ts","已检查，保留清楚文案或非产品内容","58","0"
"packages/local-server/src/workManagementProjectCommandRoutes.ts","已检查，保留清楚文案或非产品内容","2","0"
"packages/local-server/src/workManagementProjectOperations.ts","已检查，保留清楚文案或非产品内容","14","0"
"packages/local-server/src/workManagementQueryApplication.ts","已检查，保留清楚文案或非产品内容","4","0"
"packages/local-server/src/workManagementQueryRoutes.ts","已检查，保留清楚文案或非产品内容","0","0"
"packages/local-server/src/workManagementTaskCommandRoutes.ts","已检查，保留清楚文案或非产品内容","6","0"
"packages/local-server/src/workManagementTaskEffectService.ts","已检查，保留清楚文案或非产品内容","5","0"
"packages/local-server/src/workManagementTaskInput.ts","已检查，保留清楚文案或非产品内容","0","0"
"packages/local-server/src/workManagementTaskOperations.ts","已检查，保留清楚文案或非产品内容","65","0"
"packages/local-server/src/workspaceGitCommandApplication.ts","已检查并修改","10","0"
"packages/local-server/src/workspaceGitCommandRoutes.ts","已检查，保留清楚文案或非产品内容","1","0"
"packages/local-server/src/zentaoCredentialService.ts","已检查并修改","18","0"
"packages/local-server/src/zeusConversationPluginRuntime.ts","已检查，保留清楚文案或非产品内容","13","0"
"packages/local-server/src/zeusDataLayout.ts","已检查，保留清楚文案或非产品内容","4","0"
"packages/local-server/src/zeusPluginHookRuntime.ts","已检查，保留清楚文案或非产品内容","30","0"
"packages/local-server/src/zeusPluginManifest.ts","已检查，保留清楚文案或非产品内容","63","0"
"packages/local-server/src/zeusPluginMcpBroker.ts","已检查，保留清楚文案或非产品内容","27","0"
"packages/local-server/src/zeusPluginRoutes.ts","已检查，保留清楚文案或非产品内容","12","0"
"packages/local-server/src/zeusPluginService.ts","已检查，保留清楚文案或非产品内容","43","0"
"packages/local-server/src/zeusPluginSource.ts","已检查，保留清楚文案或非产品内容","53","0"
"packages/local-server/src/zeusSkillService.ts","已检查，保留清楚文案或非产品内容","40","0"
"packages/local-server/src/zeusToolRegistry.ts","已检查，保留清楚文案或非产品内容","9","0"
"packages/local-server/tsconfig.json","配置、样式或原生工具已检查","0","0"
"packages/shared/package.json","配置、样式或原生工具已检查","0","0"
"packages/shared/src/browser.ts","已检查，保留清楚文案或非产品内容","0","0"
"packages/shared/src/codexUsage.ts","已检查，保留清楚文案或非产品内容","0","0"
"packages/shared/src/commandEnvelope.ts","已检查，保留清楚文案或非产品内容","29","0"
"packages/shared/src/commandGovernance.ts","已检查，保留清楚文案或非产品内容","10","0"
"packages/shared/src/commands.ts","已检查，保留清楚文案或非产品内容","19","0"
"packages/shared/src/conversationContext.ts","已检查，保留清楚文案或非产品内容","11","0"
"packages/shared/src/conversationDispatchWire.ts","已检查，保留清楚文案或非产品内容","0","0"
"packages/shared/src/conversationResources.ts","已检查，保留清楚文案或非产品内容","1","0"
"packages/shared/src/conversationSnapshotV2Wire.ts","已检查，保留清楚文案或非产品内容","0","0"
"packages/shared/src/executionHostStopCommand.ts","已检查，保留清楚文案或非产品内容","0","0"
"packages/shared/src/im.ts","已检查，保留清楚文案或非产品内容","0","0"
"packages/shared/src/index.ts","已检查并修改","0","0"
"packages/shared/src/portableConversationContext.ts","已检查，保留清楚文案或非产品内容","0","0"
"packages/shared/src/projectSourceWorkspace.ts","已检查，保留清楚文案或非产品内容","0","0"
"packages/shared/src/readOnlyValidation.ts","已检查，保留清楚文案或非产品内容","1","0"
"packages/shared/src/requestUserInput.ts","已检查，保留清楚文案或非产品内容","17","0"
"packages/shared/src/skillIdentity.ts","已检查，保留清楚文案或非产品内容","0","0"
"packages/shared/src/sourceLanguage.ts","已检查，保留清楚文案或非产品内容","0","0"
"packages/shared/src/taskPush.ts","已检查，保留清楚文案或非产品内容","15","0"
"packages/shared/src/terminalOutput.ts","已检查，保留清楚文案或非产品内容","0","0"
"packages/shared/tsconfig.json","配置、样式或原生工具已检查","0","0"
"packages/storage/package.json","配置、样式或原生工具已检查","0","0"
"packages/storage/src/artifactStore.ts","已检查，保留清楚文案或非产品内容","158","0"
"packages/storage/src/auditStore.ts","已检查，保留清楚文案或非产品内容","6","0"
"packages/storage/src/automationStore.ts","已检查，保留清楚文案或非产品内容","112","0"
"packages/storage/src/commandDeliveryStore.ts","已检查，保留清楚文案或非产品内容","81","0"
"packages/storage/src/commands.ts","已检查，保留清楚文案或非产品内容","50","0"
"packages/storage/src/conversationExecutionStore.ts","已检查，保留清楚文案或非产品内容","185","0"
"packages/storage/src/conversationExpertStore.ts","已检查，保留清楚文案或非产品内容","74","0"
"packages/storage/src/conversationHotQueryIndexes.ts","已检查，保留清楚文案或非产品内容","46","0"
"packages/storage/src/conversationItemTypes.ts","已检查，保留清楚文案或非产品内容","0","0"
"packages/storage/src/conversationLegacyCutover.ts","已检查，保留清楚文案或非产品内容","28","0"
"packages/storage/src/conversationProviderItemStore.ts","已检查，保留清楚文案或非产品内容","30","0"
"packages/storage/src/conversationSnapshotV2.ts","已检查并修改","83","0"
"packages/storage/src/conversationStore.ts","已检查，保留清楚文案或非产品内容","303","0"
"packages/storage/src/conversationSyncEventStore.ts","已检查，保留清楚文案或非产品内容","63","0"
"packages/storage/src/databasePerformance.ts","已检查，保留清楚文案或非产品内容","3","0"
"packages/storage/src/databasePort.ts","已检查，保留清楚文案或非产品内容","0","0"
"packages/storage/src/digitalEmployeeCapabilityMigration.ts","已检查，保留清楚文案或非产品内容","11","0"
"packages/storage/src/digitalEmployeeLegacyRetirementMigration.ts","已检查，保留清楚文案或非产品内容","5","0"
"packages/storage/src/digitalEmployeeStageHandoffMigration.ts","已检查，保留清楚文案或非产品内容","12","0"
"packages/storage/src/digitalEmployeeStore.ts","已检查，保留清楚文案或非产品内容","150","0"
"packages/storage/src/executionHostHandoffStore.ts","已检查，保留清楚文案或非产品内容","44","0"
"packages/storage/src/executionHostWorkStore.ts","已检查，保留清楚文案或非产品内容","22","0"
"packages/storage/src/imStore.ts","已检查，保留清楚文案或非产品内容","71","0"
"packages/storage/src/index.ts","已检查，保留清楚文案或非产品内容","431","0"
"packages/storage/src/longTermMemoryStore.ts","已检查，保留清楚文案或非产品内容","41","0"
"packages/storage/src/pluginStore.ts","已检查，保留清楚文案或非产品内容","82","0"
"packages/storage/src/projectionDatabaseCandidate.ts","已检查，保留清楚文案或非产品内容","42","0"
"packages/storage/src/projectionDatabaseRuntime.ts","已检查，保留清楚文案或非产品内容","26","0"
"packages/storage/src/randomId.ts","已检查，保留清楚文案或非产品内容","0","0"
"packages/storage/src/recoveryBackup.ts","已检查，保留清楚文案或非产品内容","115","0"
"packages/storage/src/recoveryCandidatePromotion.ts","已检查，保留清楚文案或非产品内容","58","0"
"packages/storage/src/runtimeSessionStore.ts","已检查，保留清楚文案或非产品内容","54","0"
"packages/storage/src/tableOwnership.ts","已检查，保留清楚文案或非产品内容","10","0"
"packages/storage/src/taskEventFileProjectionStore.ts","已检查，保留清楚文案或非产品内容","14","0"
"packages/storage/src/taskStageStore.ts","已检查，保留清楚文案或非产品内容","102","0"
"packages/storage/src/taskWorkStore.ts","已检查，保留清楚文案或非产品内容","77","0"
"packages/storage/src/turnChangeStore.ts","已检查，保留清楚文案或非产品内容","16","0"
"packages/storage/src/workManagementStore.ts","已检查，保留清楚文案或非产品内容","178","0"
"packages/storage/tsconfig.json","配置、样式或原生工具已检查","0","0"
"packages/shared/src/userFacingError.ts","已检查并修改","679","672"
